t,biomass,mu,eps_mg_Cellulose,eps_mg_Colanic acid,eps_mg_PNAG,eps_mg_Total EPS,aa_total_remaining,eps_accum_Cellulose,eps_accum_Colanic acid,eps_accum_PNAG,eps_accum_Total EPS
0.0,0.011881515259389061,1.8815152593890596,350.54423809124523,266.6009885931745,479.60339000005,1096.7486166844697,82.88163108311937,0.4164996713972043,0.31676237141380126,0.5698414996740317,1.3031035424850372
0.1,0.014117040485909515,1.8815152593890647,350.54423809123114,266.6009885931826,479.6033900000334,1096.7486166844471,82.74217902542983,0.9113643915208258,0.6931240663691471,1.246899547055024,2.851388004944997
0.2,0.016773183195074735,1.8815152593890814,350.54423809124086,266.60098859315536,479.6033900000056,1096.748616684402,82.5764888502907,1.4993386638690538,1.1402987885352496,2.051347099199921,4.690984551604224
0.30000000000000004,0.019929083208080917,1.8815152593890927,350.5442380911759,266.6009885931347,479.60338999999755,1096.748616684308,82.37962381586604,2.197941192772291,1.671610117038171,3.0071526858186846,6.876703995629146
0.4,0.023678770624244814,1.8815152593890814,350.5442380912409,266.60098859315195,479.6033899999904,1096.7486166843833,82.14571832481039,3.0279868535136067,2.302888482747586,4.142794552060685,9.473669888321878
0.5,0.028133967449553866,1.8815152593890798,350.5442380911966,266.60098859313996,479.60338999996895,1096.7486166843055,81.86780315868711,4.014206871922245,3.0529428362574142,5.4921091683561665,12.559258876535825
0.6,0.03342741635590299,1.8815152593890776,350.54423809121727,266.6009885931622,479.6033899999619,1096.7486166843414,81.53759782997619,5.185985691706036,3.944121060917312,7.095299388679291,16.22540614130264
0.7,0.039716835751461385,1.88151525938909,350.54423809119606,266.60098859311313,479.60338999994843,1096.7486166842575,81.14526386479514,6.578236484494957,5.002975828430302,9.000132295326495,20.581344608251754
0.7999999999999999,0.04718961900356381,1.8815152593890776,350.54423809121715,266.60098859316173,479.6033899999619,1096.748616684341,80.67911166538758,8.232441388436866,6.261055736198779,11.263362420018078,25.756859544653725
0.8999999999999999,0.05606841782756007,1.8815152593890874,350.5442380911964,266.6009885931253,479.60339000000886,1096.7486166843305,80.12525221834176,10.197887469270956,7.755845298366772,13.952422746221552,31.906155513859282
0.9999999999999999,0.06661777619879576,1.8815152593890776,350.54423809121727,266.600988593162,479.60339000001477,1096.7486166843942,79.46718327117856,12.533135229364765,9.531881797614469,17.147433876142028,39.212450903121265
1.0999999999999999,0.07915201244525585,1.8815152593890798,350.5442380911966,266.60098859313996,479.60338999996895,1096.7486166843055,78.6852976474336,15.307763418965477,11.642082274318643,20.943591225548474,47.89343691883259
1.2,0.09404458436796616,1.8815152593890776,350.54423809121727,266.60098859316173,479.6033899999619,1096.748616684341,77.75629905047134,18.604442136352866,14.14932019075192,25.454001372949875,58.20776370005466
1.3,0.11173921642308943,1.8815152593890874,350.5442380911965,266.6009885931253,479.60339000000886,1096.7486166843307,76.65250794989555,22.521395984946786,17.128298747053602,30.81305207219571,70.4627468041961
1.4000000000000001,0.13276312050031158,1.8815152593890776,350.54423809121715,266.60098859316173,479.6033899999619,1096.748616684341,75.34103686942856,27.175330677186203,20.667776664463215,37.180416338087994,85.02352367973742
1.5000000000000002,0.15774270421085643,1.8815152593890874,350.5442380911964,266.6009885931253,479.60339000000886,1096.7486166843305,73.78281050394702,32.70491028339016,24.873212753059942,44.745809906817534,102.32393294326765
1.6000000000000003,0.18659262654866063,1.8289227690201246,352.36949164055056,267.9891568977871,471.1726674566763,1091.531315995014,72.0244809403731,39.27986517947283,29.873692820271863,53.537544464685524,122.69110246443023
1.7000000000000004,0.20802500643523203,1.1486188003780606,164.66121783441565,125.28543412414929,230.8324026939572,520.7790546525221,71.09862055223746,42.705230269436576,32.479943144263565,58.33943567027258,133.52460908397273
1.8000000000000005,0.23191914976925915,1.1486188003780449,164.6612178344334,125.28543412419214,230.83240269399994,520.7790546526255,70.06641409926802,46.524039233449834,35.38555228031908,63.69288112747135,145.60247264124027
1.9000000000000006,0.2585578193285254,1.1486188003780458,164.66121783444186,125.28543412418952,230.83240269399488,520.7790546526262,68.91564647252333,50.78148377457509,38.62490514439689,69.66123339456368,159.06762231353565
2.0000000000000004,0.2882562565550748,1.1486188003780458,164.6612178344355,125.28543412417409,230.83240269399306,520.7790546526026,67.63269951268413,55.52794639985051,42.23633616854808,76.31512182378208,174.07940439218063
2.1000000000000005,0.3213659121156505,1.148618800378049,164.6612178344111,125.28543412417203,230.8324026939493,520.7790546525324,66.20239085304897,60.81959664579344,46.26258294976006,83.7332883875409,190.81546798309438
2.2000000000000006,0.35794626894882525,1.1382774418218478,164.5229664073017,124.61050639666395,224.90246179889672,514.0359346028624,64.61600441643297,66.7086348439821,50.72296953341102,91.78358809537298,209.21519247276606
2.3000000000000007,0.39577118960806296,1.0567206293368423,152.73500661141995,115.6822474938115,208.7883518021407,477.20560590737216,62.916657571561046,72.7534463701218,55.30133960412703,100.04682953227697,228.10161550652577
2.400000000000001,0.43759314766366547,1.056720629336848,152.7350066114039,115.68224749381842,208.78835180211317,477.20560590733544,61.03773723995163,79.43702560027329,60.36351548508975,109.18326473833652,248.98380582369953
2.500000000000001,0.48383451830292934,1.056720629336843,152.7350066114029,115.6822474938192,208.78835180213085,477.20560590735295,58.960267520813,86.82687243545557,65.96062193432698,119.28516590048118,272.07266027026367
2.600000000000001,0.5320529438239772,0.9965891993439429,141.1784672208417,106.42036073329149,189.4719265378055,437.0707544919387,56.74347235985451,94.33831434439614,71.62274855542272,129.36607552912514,295.32713842894395
2.700000000000001,0.5824521181129108,0.9472586304420009,134.19021758966562,101.15261657032522,180.09317957446027,415.4360137344511,54.733406819816075,102.15425199090944,77.51440413282762,139.85564091920847,319.5242970429455
2.800000000000001,0.6368039229746115,0.9331549010036296,152.15782148971306,113.70717237499252,194.58422487448084,460.44921873918645,52.66050307210929,111.84372175450144,84.75532147670218,152.24684069411282,348.84588392531634
2.9000000000000012,0.6932997402337202,0.8871775945601559,152.2343216191945,112.02533400693818,191.5943041801179,455.8539598062506,51.154767599685165,122.39812331782586,92.52203497336278,165.53006882594644,380.450227117135
3.0000000000000013,0.7521765423132569,0.8492257917143968,147.99711875039185,108.92096099806966,186.28496775347432,443.2030475019359,50.05550276789629,133.5301194232253,100.7148141562593,179.54198711892093,413.7869206984054
3.1000000000000014,0.8160533142787298,0.8492257917140719,147.99711875090114,108.92096099845176,186.28496775413436,443.20304750348726,48.862885531398966,145.60747334926288,109.60334527798038,194.74383365252768,449.9546522797708
3.2000000000000015,0.8853546664686545,0.8492257917140719,147.99711875090114,108.92096099845176,186.28496775413436,443.20304750348726,47.568988163214,158.71046732026548,119.24671338760334,211.23666020193625,489.1938409098049
3.3000000000000016,0.9605412682266136,0.8492257917140719,147.99711875090114,108.92096099845176,186.28496775413436,443.20304750348726,46.165209693339676,172.926201334153,129.70902118899477,229.13010011974725,531.765322642895
3.4000000000000017,1.042112910124992,0.8492257917140719,147.99711875090114,108.92096099845176,186.28496775413436,443.20304750348726,44.642218735218336,188.34917214531455,141.0598151529655,248.5430971056274,577.9520844039074
3.5000000000000018,1.130611826240627,0.8492257917140719,147.99711875090114,108.92096099845176,186.28496775413436,443.20304750348726,42.98989145687861,205.08190141624527,153.37454781599988,269.6046958649952,628.0611450972403
3.600000000000002,1.225143781827577,0.8361132741842622,150.70938450990005,110.46610439320862,182.1350632763514,443.31055217946005,40.97311993998439,223.54596794578183,166.90823390600542,291.9188598875746,682.3730617393619
3.700000000000002,1.3273903930142372,0.8345682580548747,150.43089541407932,110.26197904541067,181.79850408165225,442.49137854114224,38.77925993833902,243.51402048429966,181.54430307596695,316.0506186658091,741.1089422260758
3.800000000000002,1.436430174872793,0.8214597787689892,167.66113961596025,121.37515226044876,193.9162682240332,482.95256010044216,36.1697244132593,267.5973724940922,198.97899619463578,343.9053365733819,810.4817052621099
3.900000000000002,1.5436906353130975,0.7467154499856087,192.3620078380259,134.8055506901367,197.15948698348376,524.3270455116464,33.612234723955716,297.29211550305075,219.7888028134947,374.34066194533574,891.4215802618812
4.000000000000002,1.6576607206025455,0.7382961500335348,186.90156230842453,131.0814401402118,195.23044467429958,513.2134471229359,31.624744383858065,328.2740533488432,241.51765826553898,406.70324590557124,976.4949575199535
4.100000000000001,1.6576607206025455,0.0,0.0,0.0,0.0,0.0,31.624744383858065,328.2740533488432,241.51765826553898,406.70324590557124,976.4949575199535
4.200000000000001,1.6576607206025455,0.0,0.0,0.0,0.0,0.0,31.624744383858065,328.2740533488432,241.51765826553898,406.70324590557124,976.4949575199535
4.300000000000001,1.6576607206025455,0.0,0.0,0.0,0.0,0.0,31.624744383858065,328.2740533488432,241.51765826553898,406.70324590557124,976.4949575199535
4.4,1.6576607206025455,0.0,0.0,0.0,0.0,0.0,31.624744383858065,328.2740533488432,241.51765826553898,406.70324590557124,976.4949575199535
4.5,1.6576607206025455,0.0,0.0,0.0,0.0,0.0,31.624744383858065,328.2740533488432,241.51765826553898,406.70324590557124,976.4949575199535
4.6,1.6576607206025455,0.0,0.0,0.0,0.0,0.0,31.624744383858065,328.2740533488432,241.51765826553898,406.70324590557124,976.4949575199535
4.699999999999999,1.6576607206025455,0.0,0.0,0.0,0.0,0.0,31.624744383858065,328.2740533488432,241.51765826553898,406.70324590557124,976.4949575199535
4.799999999999999,1.6576607206025455,0.0,0.0,0.0,0.0,0.0,31.624744383858065,328.2740533488432,241.51765826553898,406.70324590557124,976.4949575199535
4.899999999999999,1.6576607206025455,0.0,0.0,0.0,0.0,0.0,31.624744383858065,328.2740533488432,241.51765826553898,406.70324590557124,976.4949575199535
4.999999999999998,1.6576607206025455,0.0,0.0,0.0,0.0,0.0,31.624744383858065,328.2740533488432,241.51765826553898,406.70324590557124,976.4949575199535
5.099999999999998,1.6576607206025455,0.0,0.0,0.0,0.0,0.0,31.624744383858065,328.2740533488432,241.51765826553898,406.70324590557124,976.4949575199535
5.1999999999999975,1.6576607206025455,0.0,0.0,0.0,0.0,0.0,31.624744383858065,328.2740533488432,241.51765826553898,406.70324590557124,976.4949575199535
5.299999999999997,1.6576607206025455,0.0,0.0,0.0,0.0,0.0,31.624744383858065,328.2740533488432,241.51765826553898,406.70324590557124,976.4949575199535
5.399999999999997,1.6576607206025455,0.0,0.0,0.0,0.0,0.0,31.624744383858065,328.2740533488432,241.51765826553898,406.70324590557124,976.4949575199535
5.4999999999999964,1.6576607206025455,0.0,0.0,0.0,0.0,0.0,31.624744383858065,328.2740533488432,241.51765826553898,406.70324590557124,976.4949575199535
5.599999999999996,1.6576607206025455,0.0,0.0,0.0,0.0,0.0,31.624744383858065,328.2740533488432,241.51765826553898,406.70324590557124,976.4949575199535
5.699999999999996,1.6576607206025455,0.0,0.0,0.0,0.0,0.0,31.624744383858065,328.2740533488432,241.51765826553898,406.70324590557124,976.4949575199535
5.799999999999995,1.6576607206025455,0.0,0.0,0.0,0.0,0.0,31.624744383858065,328.2740533488432,241.51765826553898,406.70324590557124,976.4949575199535
5.899999999999995,1.6576607206025455,0.0,0.0,0.0,0.0,0.0,31.624744383858065,328.2740533488432,241.51765826553898,406.70324590557124,976.4949575199535
5.999999999999995,1.6576607206025455,0.0,0.0,0.0,0.0,0.0,31.624744383858065,328.2740533488432,241.51765826553898,406.70324590557124,976.4949575199535
6.099999999999994,1.6576607206025455,0.0,0.0,0.0,0.0,0.0,31.624744383858065,328.2740533488432,241.51765826553898,406.70324590557124,976.4949575199535
6.199999999999994,1.6576607206025455,0.0,0.0,0.0,0.0,0.0,31.624744383858065,328.2740533488432,241.51765826553898,406.70324590557124,976.4949575199535
6.299999999999994,1.6576607206025455,0.0,0.0,0.0,0.0,0.0,31.624744383858065,328.2740533488432,241.51765826553898,406.70324590557124,976.4949575199535
6.399999999999993,1.6576607206025455,0.0,0.0,0.0,0.0,0.0,31.624744383858065,328.2740533488432,241.51765826553898,406.70324590557124,976.4949575199535
6.499999999999993,1.6576607206025455,0.0,0.0,0.0,0.0,0.0,31.624744383858065,328.2740533488432,241.51765826553898,406.70324590557124,976.4949575199535
6.5999999999999925,1.6576607206025455,0.0,0.0,0.0,0.0,0.0,31.624744383858065,328.2740533488432,241.51765826553898,406.70324590557124,976.4949575199535
6.699999999999992,1.6576607206025455,0.0,0.0,0.0,0.0,0.0,31.624744383858065,328.2740533488432,241.51765826553898,406.70324590557124,976.4949575199535
6.799999999999992,1.6576607206025455,0.0,0.0,0.0,0.0,0.0,31.624744383858065,328.2740533488432,241.51765826553898,406.70324590557124,976.4949575199535
6.8999999999999915,1.6576607206025455,0.0,0.0,0.0,0.0,0.0,31.624744383858065,328.2740533488432,241.51765826553898,406.70324590557124,976.4949575199535
6.999999999999991,1.6576607206025455,0.0,0.0,0.0,0.0,0.0,31.624744383858065,328.2740533488432,241.51765826553898,406.70324590557124,976.4949575199535
7.099999999999991,1.6576607206025455,0.0,0.0,0.0,0.0,0.0,31.624744383858065,328.2740533488432,241.51765826553898,406.70324590557124,976.4949575199535
7.19999999999999,1.6576607206025455,0.0,0.0,0.0,0.0,0.0,31.624744383858065,328.2740533488432,241.51765826553898,406.70324590557124,976.4949575199535
7.29999999999999,1.6576607206025455,0.0,0.0,0.0,0.0,0.0,31.624744383858065,328.2740533488432,241.51765826553898,406.70324590557124,976.4949575199535
7.39999999999999,1.6576607206025455,0.0,0.0,0.0,0.0,0.0,31.624744383858065,328.2740533488432,241.51765826553898,406.70324590557124,976.4949575199535
7.499999999999989,1.6576607206025455,0.0,0.0,0.0,0.0,0.0,31.624744383858065,328.2740533488432,241.51765826553898,406.70324590557124,976.4949575199535
7.599999999999989,1.6576607206025455,0.0,0.0,0.0,0.0,0.0,31.624744383858065,328.2740533488432,241.51765826553898,406.70324590557124,976.4949575199535
7.699999999999989,1.6576607206025455,0.0,0.0,0.0,0.0,0.0,31.624744383858065,328.2740533488432,241.51765826553898,406.70324590557124,976.4949575199535
7.799999999999988,1.6576607206025455,0.0,0.0,0.0,0.0,0.0,31.624744383858065,328.2740533488432,241.51765826553898,406.70324590557124,976.4949575199535
7.899999999999988,1.6576607206025455,0.0,0.0,0.0,0.0,0.0,31.624744383858065,328.2740533488432,241.51765826553898,406.70324590557124,976.4949575199535
7.999999999999988,1.6576607206025455,0.0,0.0,0.0,0.0,0.0,31.624744383858065,328.2740533488432,241.51765826553898,406.70324590557124,976.4949575199535
8.099999999999987,1.6576607206025455,0.0,0.0,0.0,0.0,0.0,31.624744383858065,328.2740533488432,241.51765826553898,406.70324590557124,976.4949575199535
8.199999999999987,1.6576607206025455,0.0,0.0,0.0,0.0,0.0,31.624744383858065,328.2740533488432,241.51765826553898,406.70324590557124,976.4949575199535
8.299999999999986,1.6576607206025455,0.0,0.0,0.0,0.0,0.0,31.624744383858065,328.2740533488432,241.51765826553898,406.70324590557124,976.4949575199535
8.399999999999986,1.6576607206025455,0.0,0.0,0.0,0.0,0.0,31.624744383858065,328.2740533488432,241.51765826553898,406.70324590557124,976.4949575199535
8.499999999999986,1.6576607206025455,0.0,0.0,0.0,0.0,0.0,31.624744383858065,328.2740533488432,241.51765826553898,406.70324590557124,976.4949575199535
8.599999999999985,1.6576607206025455,0.0,0.0,0.0,0.0,0.0,31.624744383858065,328.2740533488432,241.51765826553898,406.70324590557124,976.4949575199535
8.699999999999985,1.6576607206025455,0.0,0.0,0.0,0.0,0.0,31.624744383858065,328.2740533488432,241.51765826553898,406.70324590557124,976.4949575199535
8.799999999999985,1.6576607206025455,0.0,0.0,0.0,0.0,0.0,31.624744383858065,328.2740533488432,241.51765826553898,406.70324590557124,976.4949575199535
8.899999999999984,1.6576607206025455,0.0,0.0,0.0,0.0,0.0,31.624744383858065,328.2740533488432,241.51765826553898,406.70324590557124,976.4949575199535
8.999999999999984,1.6576607206025455,0.0,0.0,0.0,0.0,0.0,31.624744383858065,328.2740533488432,241.51765826553898,406.70324590557124,976.4949575199535
9.099999999999984,1.6576607206025455,0.0,0.0,0.0,0.0,0.0,31.624744383858065,328.2740533488432,241.51765826553898,406.70324590557124,976.4949575199535
9.199999999999983,1.6576607206025455,0.0,0.0,0.0,0.0,0.0,31.624744383858065,328.2740533488432,241.51765826553898,406.70324590557124,976.4949575199535
9.299999999999983,1.6576607206025455,0.0,0.0,0.0,0.0,0.0,31.624744383858065,328.2740533488432,241.51765826553898,406.70324590557124,976.4949575199535
9.399999999999983,1.6576607206025455,0.0,0.0,0.0,0.0,0.0,31.624744383858065,328.2740533488432,241.51765826553898,406.70324590557124,976.4949575199535
9.499999999999982,1.6576607206025455,0.0,0.0,0.0,0.0,0.0,31.624744383858065,328.2740533488432,241.51765826553898,406.70324590557124,976.4949575199535
9.599999999999982,1.6576607206025455,0.0,0.0,0.0,0.0,0.0,31.624744383858065,328.2740533488432,241.51765826553898,406.70324590557124,976.4949575199535
9.699999999999982,1.6576607206025455,0.0,0.0,0.0,0.0,0.0,31.624744383858065,328.2740533488432,241.51765826553898,406.70324590557124,976.4949575199535
9.799999999999981,1.6576607206025455,0.0,0.0,0.0,0.0,0.0,31.624744383858065,328.2740533488432,241.51765826553898,406.70324590557124,976.4949575199535
9.89999999999998,1.6576607206025455,0.0,0.0,0.0,0.0,0.0,31.624744383858065,328.2740533488432,241.51765826553898,406.70324590557124,976.4949575199535
9.99999999999998,1.6576607206025455,0.0,0.0,0.0,0.0,0.0,31.624744383858065,328.2740533488432,241.51765826553898,406.70324590557124,976.4949575199535
10.09999999999998,1.6576607206025455,0.0,0.0,0.0,0.0,0.0,31.624744383858065,328.2740533488432,241.51765826553898,406.70324590557124,976.4949575199535
10.19999999999998,1.6576607206025455,0.0,0.0,0.0,0.0,0.0,31.624744383858065,328.2740533488432,241.51765826553898,406.70324590557124,976.4949575199535
10.29999999999998,1.6576607206025455,0.0,0.0,0.0,0.0,0.0,31.624744383858065,328.2740533488432,241.51765826553898,406.70324590557124,976.4949575199535
10.399999999999979,1.6576607206025455,0.0,0.0,0.0,0.0,0.0,31.624744383858065,328.2740533488432,241.51765826553898,406.70324590557124,976.4949575199535
10.499999999999979,1.6576607206025455,0.0,0.0,0.0,0.0,0.0,31.624744383858065,328.2740533488432,241.51765826553898,406.70324590557124,976.4949575199535
10.599999999999978,1.6576607206025455,0.0,0.0,0.0,0.0,0.0,31.624744383858065,328.2740533488432,241.51765826553898,406.70324590557124,976.4949575199535
10.699999999999978,1.6576607206025455,0.0,0.0,0.0,0.0,0.0,31.624744383858065,328.2740533488432,241.51765826553898,406.70324590557124,976.4949575199535
10.799999999999978,1.6576607206025455,0.0,0.0,0.0,0.0,0.0,31.624744383858065,328.2740533488432,241.51765826553898,406.70324590557124,976.4949575199535
10.899999999999977,1.6576607206025455,0.0,0.0,0.0,0.0,0.0,31.624744383858065,328.2740533488432,241.51765826553898,406.70324590557124,976.4949575199535
10.999999999999977,1.6576607206025455,0.0,0.0,0.0,0.0,0.0,31.624744383858065,328.2740533488432,241.51765826553898,406.70324590557124,976.4949575199535
11.099999999999977,1.6576607206025455,0.0,0.0,0.0,0.0,0.0,31.624744383858065,328.2740533488432,241.51765826553898,406.70324590557124,976.4949575199535
11.199999999999976,1.6576607206025455,0.0,0.0,0.0,0.0,0.0,31.624744383858065,328.2740533488432,241.51765826553898,406.70324590557124,976.4949575199535
11.299999999999976,1.6576607206025455,0.0,0.0,0.0,0.0,0.0,31.624744383858065,328.2740533488432,241.51765826553898,406.70324590557124,976.4949575199535
11.399999999999975,1.6576607206025455,0.0,0.0,0.0,0.0,0.0,31.624744383858065,328.2740533488432,241.51765826553898,406.70324590557124,976.4949575199535
11.499999999999975,1.6576607206025455,0.0,0.0,0.0,0.0,0.0,31.624744383858065,328.2740533488432,241.51765826553898,406.70324590557124,976.4949575199535
11.599999999999975,1.6576607206025455,0.0,0.0,0.0,0.0,0.0,31.624744383858065,328.2740533488432,241.51765826553898,406.70324590557124,976.4949575199535
11.699999999999974,1.6576607206025455,0.0,0.0,0.0,0.0,0.0,31.624744383858065,328.2740533488432,241.51765826553898,406.70324590557124,976.4949575199535
11.799999999999974,1.6576607206025455,0.0,0.0,0.0,0.0,0.0,31.624744383858065,328.2740533488432,241.51765826553898,406.70324590557124,976.4949575199535
11.899999999999974,1.6576607206025455,0.0,0.0,0.0,0.0,0.0,31.624744383858065,328.2740533488432,241.51765826553898,406.70324590557124,976.4949575199535
11.999999999999973,1.6576607206025455,0.0,0.0,0.0,0.0,0.0,31.624744383858065,328.2740533488432,241.51765826553898,406.70324590557124,976.4949575199535
12.099999999999973,1.6576607206025455,0.0,0.0,0.0,0.0,0.0,31.624744383858065,328.2740533488432,241.51765826553898,406.70324590557124,976.4949575199535
12.199999999999973,1.6576607206025455,0.0,0.0,0.0,0.0,0.0,31.624744383858065,328.2740533488432,241.51765826553898,406.70324590557124,976.4949575199535
12.299999999999972,1.6576607206025455,0.0,0.0,0.0,0.0,0.0,31.624744383858065,328.2740533488432,241.51765826553898,406.70324590557124,976.4949575199535
12.399999999999972,1.6576607206025455,0.0,0.0,0.0,0.0,0.0,31.624744383858065,328.2740533488432,241.51765826553898,406.70324590557124,976.4949575199535
12.499999999999972,1.6576607206025455,0.0,0.0,0.0,0.0,0.0,31.624744383858065,328.2740533488432,241.51765826553898,406.70324590557124,976.4949575199535
12.599999999999971,1.6576607206025455,0.0,0.0,0.0,0.0,0.0,31.624744383858065,328.2740533488432,241.51765826553898,406.70324590557124,976.4949575199535
12.69999999999997,1.6576607206025455,0.0,0.0,0.0,0.0,0.0,31.624744383858065,328.2740533488432,241.51765826553898,406.70324590557124,976.4949575199535
12.79999999999997,1.6576607206025455,0.0,0.0,0.0,0.0,0.0,31.624744383858065,328.2740533488432,241.51765826553898,406.70324590557124,976.4949575199535
12.89999999999997,1.6576607206025455,0.0,0.0,0.0,0.0,0.0,31.624744383858065,328.2740533488432,241.51765826553898,406.70324590557124,976.4949575199535
12.99999999999997,1.6576607206025455,0.0,0.0,0.0,0.0,0.0,31.624744383858065,328.2740533488432,241.51765826553898,406.70324590557124,976.4949575199535
13.09999999999997,1.6576607206025455,0.0,0.0,0.0,0.0,0.0,31.624744383858065,328.2740533488432,241.51765826553898,406.70324590557124,976.4949575199535
13.199999999999969,1.6576607206025455,0.0,0.0,0.0,0.0,0.0,31.624744383858065,328.2740533488432,241.51765826553898,406.70324590557124,976.4949575199535
13.299999999999969,1.6576607206025455,0.0,0.0,0.0,0.0,0.0,31.624744383858065,328.2740533488432,241.51765826553898,406.70324590557124,976.4949575199535
13.399999999999968,1.6576607206025455,0.0,0.0,0.0,0.0,0.0,31.624744383858065,328.2740533488432,241.51765826553898,406.70324590557124,976.4949575199535
13.499999999999968,1.6576607206025455,0.0,0.0,0.0,0.0,0.0,31.624744383858065,328.2740533488432,241.51765826553898,406.70324590557124,976.4949575199535
13.599999999999968,1.6576607206025455,0.0,0.0,0.0,0.0,0.0,31.624744383858065,328.2740533488432,241.51765826553898,406.70324590557124,976.4949575199535
13.699999999999967,1.6576607206025455,0.0,0.0,0.0,0.0,0.0,31.624744383858065,328.2740533488432,241.51765826553898,406.70324590557124,976.4949575199535
13.799999999999967,1.6576607206025455,0.0,0.0,0.0,0.0,0.0,31.624744383858065,328.2740533488432,241.51765826553898,406.70324590557124,976.4949575199535
13.899999999999967,1.6576607206025455,0.0,0.0,0.0,0.0,0.0,31.624744383858065,328.2740533488432,241.51765826553898,406.70324590557124,976.4949575199535
13.999999999999966,1.6576607206025455,0.0,0.0,0.0,0.0,0.0,31.624744383858065,328.2740533488432,241.51765826553898,406.70324590557124,976.4949575199535
14.099999999999966,1.6576607206025455,0.0,0.0,0.0,0.0,0.0,31.624744383858065,328.2740533488432,241.51765826553898,406.70324590557124,976.4949575199535
14.199999999999966,1.6576607206025455,0.0,0.0,0.0,0.0,0.0,31.624744383858065,328.2740533488432,241.51765826553898,406.70324590557124,976.4949575199535
14.299999999999965,1.6576607206025455,0.0,0.0,0.0,0.0,0.0,31.624744383858065,328.2740533488432,241.51765826553898,406.70324590557124,976.4949575199535
14.399999999999965,1.6576607206025455,0.0,0.0,0.0,0.0,0.0,31.624744383858065,328.2740533488432,241.51765826553898,406.70324590557124,976.4949575199535
14.499999999999964,1.6576607206025455,0.0,0.0,0.0,0.0,0.0,31.624744383858065,328.2740533488432,241.51765826553898,406.70324590557124,976.4949575199535
14.599999999999964,1.6576607206025455,0.0,0.0,0.0,0.0,0.0,31.624744383858065,328.2740533488432,241.51765826553898,406.70324590557124,976.4949575199535
14.699999999999964,1.6576607206025455,0.0,0.0,0.0,0.0,0.0,31.624744383858065,328.2740533488432,241.51765826553898,406.70324590557124,976.4949575199535
14.799999999999963,1.6576607206025455,0.0,0.0,0.0,0.0,0.0,31.624744383858065,328.2740533488432,241.51765826553898,406.70324590557124,976.4949575199535
14.899999999999963,1.6576607206025455,0.0,0.0,0.0,0.0,0.0,31.624744383858065,328.2740533488432,241.51765826553898,406.70324590557124,976.4949575199535
14.999999999999963,1.6576607206025455,0.0,0.0,0.0,0.0,0.0,31.624744383858065,328.2740533488432,241.51765826553898,406.70324590557124,976.4949575199535
15.099999999999962,1.6576607206025455,0.0,0.0,0.0,0.0,0.0,31.624744383858065,328.2740533488432,241.51765826553898,406.70324590557124,976.4949575199535
15.199999999999962,1.6576607206025455,0.0,0.0,0.0,0.0,0.0,31.624744383858065,328.2740533488432,241.51765826553898,406.70324590557124,976.4949575199535
15.299999999999962,1.6576607206025455,0.0,0.0,0.0,0.0,0.0,31.624744383858065,328.2740533488432,241.51765826553898,406.70324590557124,976.4949575199535
15.399999999999961,1.6576607206025455,0.0,0.0,0.0,0.0,0.0,31.624744383858065,328.2740533488432,241.51765826553898,406.70324590557124,976.4949575199535
15.499999999999961,1.6576607206025455,0.0,0.0,0.0,0.0,0.0,31.624744383858065,328.2740533488432,241.51765826553898,406.70324590557124,976.4949575199535
15.59999999999996,1.6576607206025455,0.0,0.0,0.0,0.0,0.0,31.624744383858065,328.2740533488432,241.51765826553898,406.70324590557124,976.4949575199535
15.69999999999996,1.6576607206025455,0.0,0.0,0.0,0.0,0.0,31.624744383858065,328.2740533488432,241.51765826553898,406.70324590557124,976.4949575199535
15.79999999999996,1.6576607206025455,0.0,0.0,0.0,0.0,0.0,31.624744383858065,328.2740533488432,241.51765826553898,406.70324590557124,976.4949575199535
15.89999999999996,1.6576607206025455,0.0,0.0,0.0,0.0,0.0,31.624744383858065,328.2740533488432,241.51765826553898,406.70324590557124,976.4949575199535
15.99999999999996,1.6576607206025455,0.0,0.0,0.0,0.0,0.0,31.624744383858065,328.2740533488432,241.51765826553898,406.70324590557124,976.4949575199535
16.09999999999996,1.6576607206025455,0.0,0.0,0.0,0.0,0.0,31.624744383858065,328.2740533488432,241.51765826553898,406.70324590557124,976.4949575199535
16.19999999999996,1.6576607206025455,0.0,0.0,0.0,0.0,0.0,31.624744383858065,328.2740533488432,241.51765826553898,406.70324590557124,976.4949575199535
16.29999999999996,1.6576607206025455,0.0,0.0,0.0,0.0,0.0,31.624744383858065,328.2740533488432,241.51765826553898,406.70324590557124,976.4949575199535
16.399999999999963,1.6576607206025455,0.0,0.0,0.0,0.0,0.0,31.624744383858065,328.2740533488432,241.51765826553898,406.70324590557124,976.4949575199535
16.499999999999964,1.6576607206025455,0.0,0.0,0.0,0.0,0.0,31.624744383858065,328.2740533488432,241.51765826553898,406.70324590557124,976.4949575199535
16.599999999999966,1.6576607206025455,0.0,0.0,0.0,0.0,0.0,31.624744383858065,328.2740533488432,241.51765826553898,406.70324590557124,976.4949575199535
16.699999999999967,1.6576607206025455,0.0,0.0,0.0,0.0,0.0,31.624744383858065,328.2740533488432,241.51765826553898,406.70324590557124,976.4949575199535
16.79999999999997,1.6576607206025455,0.0,0.0,0.0,0.0,0.0,31.624744383858065,328.2740533488432,241.51765826553898,406.70324590557124,976.4949575199535
16.89999999999997,1.6576607206025455,0.0,0.0,0.0,0.0,0.0,31.624744383858065,328.2740533488432,241.51765826553898,406.70324590557124,976.4949575199535
16.99999999999997,1.6576607206025455,0.0,0.0,0.0,0.0,0.0,31.624744383858065,328.2740533488432,241.51765826553898,406.70324590557124,976.4949575199535
17.099999999999973,1.6576607206025455,0.0,0.0,0.0,0.0,0.0,31.624744383858065,328.2740533488432,241.51765826553898,406.70324590557124,976.4949575199535
17.199999999999974,1.6576607206025455,0.0,0.0,0.0,0.0,0.0,31.624744383858065,328.2740533488432,241.51765826553898,406.70324590557124,976.4949575199535
17.299999999999976,1.6576607206025455,0.0,0.0,0.0,0.0,0.0,31.624744383858065,328.2740533488432,241.51765826553898,406.70324590557124,976.4949575199535
17.399999999999977,1.6576607206025455,0.0,0.0,0.0,0.0,0.0,31.624744383858065,328.2740533488432,241.51765826553898,406.70324590557124,976.4949575199535
17.49999999999998,1.6576607206025455,0.0,0.0,0.0,0.0,0.0,31.624744383858065,328.2740533488432,241.51765826553898,406.70324590557124,976.4949575199535
17.59999999999998,1.6576607206025455,0.0,0.0,0.0,0.0,0.0,31.624744383858065,328.2740533488432,241.51765826553898,406.70324590557124,976.4949575199535
17.69999999999998,1.6576607206025455,0.0,0.0,0.0,0.0,0.0,31.624744383858065,328.2740533488432,241.51765826553898,406.70324590557124,976.4949575199535
17.799999999999983,1.6576607206025455,0.0,0.0,0.0,0.0,0.0,31.624744383858065,328.2740533488432,241.51765826553898,406.70324590557124,976.4949575199535
17.899999999999984,1.6576607206025455,0.0,0.0,0.0,0.0,0.0,31.624744383858065,328.2740533488432,241.51765826553898,406.70324590557124,976.4949575199535
17.999999999999986,1.6576607206025455,0.0,0.0,0.0,0.0,0.0,31.624744383858065,328.2740533488432,241.51765826553898,406.70324590557124,976.4949575199535
18.099999999999987,1.6576607206025455,0.0,0.0,0.0,0.0,0.0,31.624744383858065,328.2740533488432,241.51765826553898,406.70324590557124,976.4949575199535
18.19999999999999,1.6576607206025455,0.0,0.0,0.0,0.0,0.0,31.624744383858065,328.2740533488432,241.51765826553898,406.70324590557124,976.4949575199535
18.29999999999999,1.6576607206025455,0.0,0.0,0.0,0.0,0.0,31.624744383858065,328.2740533488432,241.51765826553898,406.70324590557124,976.4949575199535
18.39999999999999,1.6576607206025455,0.0,0.0,0.0,0.0,0.0,31.624744383858065,328.2740533488432,241.51765826553898,406.70324590557124,976.4949575199535
18.499999999999993,1.6576607206025455,0.0,0.0,0.0,0.0,0.0,31.624744383858065,328.2740533488432,241.51765826553898,406.70324590557124,976.4949575199535
18.599999999999994,1.6576607206025455,0.0,0.0,0.0,0.0,0.0,31.624744383858065,328.2740533488432,241.51765826553898,406.70324590557124,976.4949575199535
18.699999999999996,1.6576607206025455,0.0,0.0,0.0,0.0,0.0,31.624744383858065,328.2740533488432,241.51765826553898,406.70324590557124,976.4949575199535
18.799999999999997,1.6576607206025455,0.0,0.0,0.0,0.0,0.0,31.624744383858065,328.2740533488432,241.51765826553898,406.70324590557124,976.4949575199535
18.9,1.6576607206025455,0.0,0.0,0.0,0.0,0.0,31.624744383858065,328.2740533488432,241.51765826553898,406.70324590557124,976.4949575199535
19.0,1.6576607206025455,0.0,0.0,0.0,0.0,0.0,31.624744383858065,328.2740533488432,241.51765826553898,406.70324590557124,976.4949575199535
19.1,1.6576607206025455,0.0,0.0,0.0,0.0,0.0,31.624744383858065,328.2740533488432,241.51765826553898,406.70324590557124,976.4949575199535
19.200000000000003,1.6576607206025455,0.0,0.0,0.0,0.0,0.0,31.624744383858065,328.2740533488432,241.51765826553898,406.70324590557124,976.4949575199535
19.300000000000004,1.6576607206025455,0.0,0.0,0.0,0.0,0.0,31.624744383858065,328.2740533488432,241.51765826553898,406.70324590557124,976.4949575199535
19.400000000000006,1.6576607206025455,0.0,0.0,0.0,0.0,0.0,31.624744383858065,328.2740533488432,241.51765826553898,406.70324590557124,976.4949575199535
19.500000000000007,1.6576607206025455,0.0,0.0,0.0,0.0,0.0,31.624744383858065,328.2740533488432,241.51765826553898,406.70324590557124,976.4949575199535
19.60000000000001,1.6576607206025455,0.0,0.0,0.0,0.0,0.0,31.624744383858065,328.2740533488432,241.51765826553898,406.70324590557124,976.4949575199535
19.70000000000001,1.6576607206025455,0.0,0.0,0.0,0.0,0.0,31.624744383858065,328.2740533488432,241.51765826553898,406.70324590557124,976.4949575199535
19.80000000000001,1.6576607206025455,0.0,0.0,0.0,0.0,0.0,31.624744383858065,328.2740533488432,241.51765826553898,406.70324590557124,976.4949575199535
19.900000000000013,1.6576607206025455,0.0,0.0,0.0,0.0,0.0,31.624744383858065,328.2740533488432,241.51765826553898,406.70324590557124,976.4949575199535
